name,external_id,url,description,technical_specs,basic_specs,catalog_items,company_info,download_info,parsing_method,total_images,parsed_at
Каталог водосточной системы. Revit,45719,https://bimlib.pro/model/vodostochnaya-sistema-revit/45719/,Каталог комплектации включается в себя следующие категории семейств:- Воронки внутреннего водостока;- Воронки парапетные;- Аэраторы;- Пешеходные дорожки на кровле;- Ограждения для кровли и снегозадержатели;- Опоры для кровли;- Утеплитель для фасада;- Гидрошпонки;- Водосточную систему;- Инъекционную систему;- Огнезащиту;- Термовкладыши.Каталог раз...,"{""На сайте производителяhttps"": ""//nav.tn.ru/catalog/complectation/"", ""Каталогhttps"": ""//nav.tn.ru/bim/"", ""Документацияhttps"": ""//nav.tn.ru/documents/"", ""Сертификатhttps"": ""//nav.tn.ru/documents/filter/type-is-sertificates/apply/""}",{},"['КатегорияАрхитектурные объекты', 'ТипВодосточные системы', 'КлассЖелоба', 'МатериалыПоливинилхлорид (PVC)', 'На сайте производителяhttps://nav.tn.ru/catalog/complectation/', 'Каталогhttps://nav.tn.ru/bim/', 'Документацияhttps://nav.tn.ru/documents/', 'Сертификатhttps://nav.tn.ru/documents/filter/type-is-sertificates/apply/']","{""name"": ""ТЕХНОНИКОЛЬ"", ""phone"": ""8 800 500-25-75"", ""email"": ""rtp.online@tn.ru""}","{""files"": [{""url"": ""https://bimlib.pro/uploads/bimmodels/bimlib3e1e7489edfef522aa3d927d5ffb39df/2025-06-10_152258_v1/TN_Komplektatsiya_Instruktsiya_v9.1_19.02.25.pdf"", ""name"": ""Скачать в .pdf""}, {""url"": ""https://bimlib.pro/legal/offer/itm/offer_itm.pdf"", ""name"": ""Оферта""}]}",combined_complete,10,2025-08-27 13:23:41
Каталог фундаментов и подпорных сооружений. Revit,18333,https://bimlib.pro/model/fundamenty-i-podpornye-sooruzheniya-revit/18333/,"Представленный файл каталога содержит строительные системы ТЕХНОНИКОЛЬ и включается в себя следующие категории семейств:1) Крыши плоские по стальному и деревянному основанию;2) Крыши плоские по бетонному основанию;3) Стилобаты;4) Крыши скатные;5) Чердачные перекрытия;6) Полы;7) Полы по грунту;8) Фасады и стены;9) Фундаменты;10) Техническая изоляция, огнезащи...","{""На сайте производителяhttps"": ""//nav.tn.ru/systems/"", ""Каталогhttps"": ""//nav.tn.ru/bim/stroitelnye-sistemy/katalog-sistem-revit/"", ""Документацияhttps"": ""//nav.tn.ru/documents/"", ""Сертификатhttps"": ""//nav.tn.ru/documents/filter/type-is-sertificates/apply/""}",{},[],"{""name"": ""Представленный файл каталога содержит строительные системы ТЕХНОНИКОЛЬ и включается в себя следующие категории семейств:"", ""phone"": ""8 800 500-25-75"", ""email"": ""rtp.online@tn.ru""}","{""files"": [{""url"": ""https://bimlib.pro/legal/offer/itm/offer_itm.pdf"", ""name"": ""Оферта""}]}",combined_complete,9,2025-08-27 13:23:53
Алюминиевое окно одностворчатое NEWTEC EUROline,39991,https://bimlib.pro/model/alyuminievoe-okno-1-stv-newtec-euroline/39991/,"Версия Revit 2019. Представленное семейство разработано с учетом рекомендаций производителя и правил оформления строительной документации. Модель одностворчатого окна выполнена в виде загружаемого семейства категории ""Окна"". Общие параметры семейства - ФОП 2019. В рамках семейства пользователь может изменять: тип профильной системы (EUROline 65LL / EUROline 76LL / EUROline 90IT); высоту профиля ра...","{""На сайте производителяhttp"": ""//www.new-tec.ru"", ""Каталогhttp"": ""//www.new-tec.ru/systems/"", ""Документацияhttp"": ""//www.new-tec.ru/materials/""}",{},[],"{""name"": ""BIM-модель: Алюминиевое окно одностворчатое NEWTEC EUROline скачать бесплатно"", ""phone"": ""8 800 500-25-75"", ""email"": ""bim@new-tec.ru""}","{""files"": [{""url"": ""https://bimlib.pro/uploads/bimmodels/bimlibc73e20621c9c91441380d40636306f6f/2023-02-15_093228_v1/newtec_instruktsiya_po_rabote_s_modelyami.pdf"", ""name"": ""Скачать в .pdf""}, {""url"": ""https://bimlib.pro/legal/offer/itm/offer_itm.pdf"", ""name"": ""Оферта""}]}",combined_complete,4,2025-08-27 13:24:05
Окно двустворчатое параллельно-сдвижное SUNLINE схема D,36066,https://bimlib.pro/model/okno-2-stv-sunline-skhema-d/36066/,"Семейство параллельно-сдвижных окон системы SUNLINE разработано с учетом действующих стандартов ГОСТ 23166, ГОСТ 30674, ГОСТ Р 56926, а также технологических ограничений VEKA, и может быть использовано для разработки проекта жилого и общественного здания любой этажности. В рамках семейства пользователь может изменять: - габаритные размеры изделия; - величину монтажных зазоров; - толщину и тип ст...","{""На сайте производителяhttps"": ""//www.veka.ru/production/special/profilnye-sistemy-veka/veka-sunline/"", ""Каталогhttps"": ""//www.veka.ru/production/special/profilnye-sistemy-veka/""}",{},[],"{""name"": ""Семейство параллельно-сдвижных окон системы SUNLINE разработано с учетом действующих стандартов ГОСТ 23166, ГОСТ 30674, ГОСТ Р 56926, а также технологических ограничений VEKA, и может быть использовано для разработки проекта жилого и общественного здания любой этажности.  В рамках семейства пользователь может изменять:  - габаритные размеры изделия; - величину монтажных зазоров; - толщину и тип ст..."", ""phone"": ""8 800 500-25-75"", ""email"": ""info@bimlib.pro""}","{""files"": [{""url"": ""https://bimlib.pro/uploads/bimmodels/bimlib1361e5ae2f483b41868e4c9b85c2b855/2021-12-28_125545_v1/veka_instruktsiya_po_rabote_s_modelyami.pdf"", ""name"": ""Скачать в .pdf""}, {""url"": ""https://bimlib.pro/uploads/bimmodels/bimlib1361e5ae2f483b41868e4c9b85c2b855/2021-12-28_125545_v1/sootvetstvieprofilnyhsistemisteklopaketov.pdf"", ""name"": ""Скачать в .pdf""}, {""url"": ""https://bimlib.pro/uploads/bimmodels/bimlib1361e5ae2f483b41868e4c9b85c2b855/2021-12-28_125545_v1/cvetovayakarta2016.pdf"", ""name"": ""Скачать в .pdf""}, {""url"": ""https://bimlib.pro/legal/offer/itm/offer_itm.pdf"", ""name"": ""Оферта""}]}",combined_complete,4,2025-08-27 13:24:16
Дверь AquaDoor композитная глухая однопольная распашная,40700,https://bimlib.pro/model/dver-aquadoor-glukhaya-1-stv/40700/,"Модель двери AquaDoor выполнена в виде загружаемого семейства категории ""Двери"". Полотно двери имеет стандартные размеры: высота - 2000 мм, ширина - 605/700/800/900 мм. Материал: композит (100% влагостойкий и износоустойчивый). Дверь представлена в наиболее популярных цветах - белый, серый, графит, скандинавский дуб. Дверная коробка выполнена в двух размерах: ширина 60 и 90 мм. Дверь может устанав...","{""На сайте производителяhttps"": ""//www.aquadoor.ru"", ""Каталогhttps"": ""//www.aquadoor.ru/catalog/gladkie/"", ""Сертификатhttps"": ""//www.aquadoor.ru/certificate/""}",{},[],"{""name"": """", ""phone"": ""8 800 500-25-75"", ""email"": ""info@aquadoor.ru""}","{""files"": [{""url"": ""https://bimlib.pro/uploads/bimmodels/bimlib68e086f7d9deaa9bd3c0a649d5d7a4f1/2023-06-02_150006_v1/aquadoor_instruktsiya_po_rabote_s_modelyami_v1.pdf"", ""name"": ""Скачать в .pdf""}, {""url"": ""https://bimlib.pro/legal/offer/itm/offer_itm.pdf"", ""name"": ""Оферта""}]}",combined_complete,10,2025-08-27 13:24:30
Каталог плоских крыш и стилобатов. Revit,18327,https://bimlib.pro/model/ploskie-kryshi-i-stilobaty-revit/18327/,"Представленный файл каталога содержит строительные системы ТЕХНОНИКОЛЬ и включается в себя следующие категории семейств:1) Крыши плоские по стальному и деревянному основанию;2) Крыши плоские по бетонному основанию;3) Стилобаты;4) Крыши скатные;5) Чердачные перекрытия;6) Полы;7) Полы по грунту;8) Фасады и стены;9) Фундаменты;10) Техническая изоляция, огнезащи...","{""На сайте производителяhttps"": ""//nav.tn.ru/systems/"", ""Каталогhttps"": ""//nav.tn.ru/bim/stroitelnye-sistemy/katalog-sistem-revit/"", ""Документацияhttps"": ""//nav.tn.ru/documents/"", ""Сертификатhttps"": ""//nav.tn.ru/documents/filter/type-is-sertificates/apply/""}",{},[],"{""name"": ""Представленный файл каталога содержит строительные системы ТЕХНОНИКОЛЬ и включается в себя следующие категории семейств:"", ""phone"": ""8 800 500-25-75"", ""email"": ""rtp.online@tn.ru""}","{""files"": [{""url"": ""https://bimlib.pro/legal/offer/itm/offer_itm.pdf"", ""name"": ""Оферта""}]}",combined_complete,9,2025-08-27 13:24:43
Каталог ограждений кровли и снегозадержатели. Revit,45724,https://bimlib.pro/model/ograzhdeniya-krovli-i-snegozaderzhateli-revit/45724/,Каталог комплектации включается в себя следующие категории семейств:- Воронки внутреннего водостока;- Воронки парапетные;- Аэраторы;- Пешеходные дорожки на кровле;- Ограждения для кровли и снегозадержатели;- Опоры для кровли;- Утеплитель для фасада;- Гидрошпонки;- Водосточную систему;- Инъекционную систему;- Огнезащиту;- Термовкладыши.Каталог раз...,"{""На сайте производителяhttps"": ""//nav.tn.ru/catalog/complectation/"", ""Каталогhttps"": ""//nav.tn.ru/bim/komplektatsiya-stroitelnykh-sistem/komplektuyushchie-dlya-ploskoy-krovli-revit/"", ""Документацияhttps"": ""//nav.tn.ru/documents/"", ""Сертификатhttps"": ""//nav.tn.ru/documents/filter/type-is-sertificates/apply/""}",{},"['КатегорияАрхитектурные объекты', 'ТипИзделия, ограждения', 'КлассСнегозадержатели', 'МатериалыСталь оцинкованная,Поливинилхлорид (PVC),Металл', 'На сайте производителяhttps://nav.tn.ru/catalog/complectation/', 'Каталогhttps://nav.tn.ru/bim/komplektatsiya-stroitelnykh-sistem/komplektuyushchie-dlya-ploskoy-krovli-revit/', 'Документацияhttps://nav.tn.ru/documents/', 'Сертификатhttps://nav.tn.ru/documents/filter/type-is-sertificates/apply/']","{""name"": ""ТЕХНОНИКОЛЬ"", ""phone"": ""8 800 500-25-75"", ""email"": ""rtp.online@tn.ru""}","{""files"": [{""url"": ""https://bimlib.pro/uploads/bimmodels/bimliba52d16d02fef7902be680fbc94ca898e/2025-06-10_145709_v1/TN_Komplektatsiya_Instruktsiya_v9.1_19.02.25.pdf"", ""name"": ""Скачать в .pdf""}, {""url"": ""https://bimlib.pro/legal/offer/itm/offer_itm.pdf"", ""name"": ""Оферта""}]}",combined_complete,10,2025-08-27 13:24:56
Каталог скатных крыш. Revit,18331,https://bimlib.pro/model/skatnye-kryshi-revit/18331/,"Представленный файл каталога содержит строительные системы ТЕХНОНИКОЛЬ и включается в себя следующие категории семейств:1) Крыши плоские по стальному и деревянному основанию;2) Крыши плоские по бетонному основанию;3) Стилобаты;4) Крыши скатные;5) Чердачные перекрытия;6) Полы;7) Полы по грунту;8) Фасады и стены;9) Фундаменты;10) Техническая изоляция, огнезащи...","{""На сайте производителяhttps"": ""//nav.tn.ru/systems/skatnaya-krysha/"", ""Каталогhttps"": ""//nav.tn.ru/bim/stroitelnye-sistemy/katalog-sistem-revit/"", ""Документацияhttps"": ""//nav.tn.ru/documents/"", ""Сертификатhttps"": ""//nav.tn.ru/documents/filter/type-is-sertificates/apply/""}",{},[],"{""name"": ""Представленный файл каталога содержит строительные системы ТЕХНОНИКОЛЬ и включается в себя следующие категории семейств:"", ""phone"": ""8 800 500-25-75"", ""email"": ""rtp.online@tn.ru""}","{""files"": [{""url"": ""https://bimlib.pro/legal/offer/itm/offer_itm.pdf"", ""name"": ""Оферта""}]}",combined_complete,9,2025-08-27 13:25:14
Дверь металлическая квартирная сплошная однопольная типа ДМ-100 с МДФ панелями,42850,https://bimlib.pro/model/dver-metallicheskaya-kvartirnaya-tipa-dm-100-s-mdf-panelyami/42850/,"Дверь металлическая сплошная однопольная ДМ - 100 в исполнении «Квартирная» предназначена для заполнения проёмов на типовых этажах жилых зданий, а также для заполнения проемов зданий и сооружений различного назначения. Дверь рассчитана на эксплуатацию в отапливаемых и неотапливаемых помещениях при температуре от -40 до +45°C и относительной влажности не более 98 %, во взрывобезопасных сред...","{""На сайте производителяhttps"": ""//www.npopuls.ru"", ""Каталогhttps"": ""//www.npopuls.ru/products/kvartirnye-dvery/"", ""Документацияhttps"": ""//www.npopuls.ru/products/kvartirnye-dvery/metall-kvartirnye-dvery/dver-metallicheskaya-kvartirnaya-0950-1.html""}",{},[],"{""phone"": ""8 800 500-25-75"", ""email"": ""pps@npopuls.ru""}","{""files"": [{""url"": ""https://bimlib.pro/uploads/bimmodels/bimlibff52c41964fdcd558d5c8da92af40525/2025-03-04_130248_v1/sert-kvart-2024.pdf"", ""name"": ""Скачать в .pdf""}, {""url"": ""https://bimlib.pro/uploads/bimmodels/bimlibff52c41964fdcd558d5c8da92af40525/2025-03-04_130248_v1/pasport-dm-100-25-2.pdf"", ""name"": ""Скачать в .pdf""}, {""url"": ""https://bimlib.pro/legal/offer/itm/offer_itm.pdf"", ""name"": ""Оферта""}]}",combined_complete,8,2025-08-27 13:25:25
Schüco Дверная система Сборник,43826,https://bimlib.pro/model/schuco-dveri-sbornik/43826/,Сборник семейств дверей Schüco в одном файле (Revit_2022),"{""Каталогhttps"": ""//docucenter.schueco.com/web/main/login.php?LID=en&_=75899484&clientId=1&fwd=true"", ""Документацияhttps"": ""//docucenter.schueco.com/web/main/login.php?LID=en&_=75899484&clientId=1&fwd=true""}",{},[],"{""phone"": ""8 800 500-25-75"", ""email"": ""Esvitasheva@schueco.ru""}","{""files"": [{""url"": ""https://bimlib.pro/uploads/bimmodels/bimlibb386afbacb38b05d8687e2f2fc748827/2023-12-01_154534_v1/Schueco_Сборка_Двери_2022.pdf"", ""name"": ""Скачать в .pdf""}, {""url"": ""https://bimlib.pro/legal/offer/itm/offer_itm.pdf"", ""name"": ""Оферта""}]}",combined_complete,6,2025-08-27 13:26:00
"Дверь противопожарная ДПМ-Огнедекор-02/60, ниппель",53516,https://bimlib.pro/model/dver-protivopozharnaya-dpm-ognedekor-0260-nippel/53516/,"Дверь противопожарная металлическая ДПМ-Огнедекор-02/60 с огнестойким вентблоком ""БВО-Огнедекор-60"" и ниппелем, закрытым огнестойкими заслонками. Предназначена для заполнения проемов в зданиях и сооружениях. Модель параметрическая.","{""На сайте производителяhttp"": ""//www.dwrcenter.ru/"", ""Каталогhttp"": ""//www.dwrcenter.ru/dveri-protivopozharnyie""}",{},[],"{""name"": ""HS портал VEKAMOTION 82 схема K"", ""phone"": ""8 800 500-25-75"", ""email"": ""info@dwrcenter.ru""}","{""files"": [{""url"": ""https://bimlib.pro/legal/offer/itm/offer_itm.pdf"", ""name"": ""Оферта""}]}",combined_complete,2,2025-08-27 13:26:09
Дверь одностворчатая WHS 60,31609,https://bimlib.pro/model/dver-1-stv-whs-60/31609/,"Семейство одностворчатой двери системы VEKA WHS 60 разработано с учетом действующих стандартов ГОСТ 23166, ГОСТ 30674, ГОСТ Р 56926, а также технологических ограничений VEKA, и может быть использовано для разработки проекта жилого и общественного здания любой этажности. В рамках семейства пользователь может изменять: - габаритные размеры изделия и створок, величину монтажных зазоров; - схему от...","{""На сайте производителяhttps"": ""//www.veka.ru/production/special/profilnye-sistemy-veka/"", ""Каталогhttps"": ""//www.veka.ru/production/special/profilnye-sistemy-veka/""}",{},[],"{""name"": ""Семейство одностворчатой двери системы VEKA WHS 60 разработано с учетом действующих стандартов ГОСТ 23166, ГОСТ 30674, ГОСТ Р 56926, а также технологических ограничений VEKA, и может быть использовано для разработки проекта жилого и общественного здания любой этажности.  В рамках семейства пользователь может изменять:  - габаритные размеры изделия и створок, величину монтажных зазоров;  - схему от..."", ""phone"": ""8 800 500-25-75"", ""email"": ""info@bimlib.pro""}","{""files"": [{""url"": ""https://bimlib.pro/uploads/bimmodels/bimlibe06e463c43ce612c5dff15ec4eee31b2/2021-03-29_190111_v1/cvetovayakarta2016.pdf"", ""name"": ""Скачать в .pdf""}, {""url"": ""https://bimlib.pro/uploads/bimmodels/bimlibe06e463c43ce612c5dff15ec4eee31b2/2021-03-29_190111_v1/sootvetstvieprofilnyhsistemisteklopaketov.pdf"", ""name"": ""Скачать в .pdf""}, {""url"": ""https://bimlib.pro/legal/offer/itm/offer_itm.pdf"", ""name"": ""Оферта""}]}",combined_complete,5,2025-08-27 13:26:20
"Система утепления цоколя с декоративной штукатуркой на экструдированном пенополистироле THERMOMAX 100W, 100W, D1W, 302, ProfFasad",31175,https://bimlib.pro/model/thermomax-100w-ekstrudpen-100w-d1w-302-proffasad/31175/,"Версия Revit 2017. Представленное семейство моделей разработано на основании альбома технических решений THERMOMAX, которые могут быть скопированы и адаптированы для применения в проектах.","{""На сайте производителяhttps"": ""//thermomax.ru/"", ""Каталогhttps"": ""//thermomax.ru/thermomaxe/prays_list"", ""Документацияhttps"": ""//thermomax.ru/solutions""}",{},[],"{""phone"": ""8 800 500-25-75"", ""email"": ""agk68@inbox.ru""}","{""files"": [{""url"": ""https://bimlib.pro/uploads/bimmodels/bimlibb661859aa2394b98e9910c357f9e5da6/2021-05-12_134405_v1/Разъяснения ЦНИИСК от 14.09.14.pdf"", ""name"": ""Скачать в .pdf""}, {""url"": ""https://bimlib.pro/uploads/bimmodels/bimlibb661859aa2394b98e9910c357f9e5da6/2021-05-12_134405_v1/Заключение о классе пожарной опасности от 08.09.14.pdf"", ""name"": ""Скачать в .pdf""}, {""url"": ""https://bimlib.pro/uploads/bimmodels/bimlibb661859aa2394b98e9910c357f9e5da6/2021-05-12_134405_v1/Протокол СФТК НИЦ гост 55412 copy.pdf"", ""name"": ""Скачать в .pdf""}, {""url"": ""https://bimlib.pro/uploads/bimmodels/bimlibb661859aa2394b98e9910c357f9e5da6/2021-05-12_134405_v1/Протокол к сертификату СФТК.pdf"", ""name"": ""Скачать в .pdf""}, {""url"": ""https://bimlib.pro/uploads/bimmodels/bimlibb661859aa2394b98e9910c357f9e5da6/2021-05-12_134405_v1/Климатические испытания 2019 г.pdf"", ""name"": ""Скачать в .pdf""}, {""url"": ""https://bimlib.pro/uploads/bimmodels/bimlibb661859aa2394b98e9910c357f9e5da6/2021-05-12_134405_v1/Сертификат на СФТК Термомакс.pdf"", ""name"": ""Скачать в .pdf""}, {""url"": ""https://bimlib.pro/uploads/bimmodels/bimlibb51e2f8624f29ed276862b8f4377701c/2021-05-12_131958_v1/Климатика краска 15 лет.pdf"", ""name"": ""Скачать в .pdf""}, {""url"": ""https://bimlib.pro/uploads/bimmodels/bimlibd984d14bf153d333c646a83887115460/2021-03-18_002619_v1/thermomax_instruktsiya_po_rabote_s_modelyami.pdf"", ""name"": ""Скачать в .pdf""}, {""url"": ""https://bimlib.pro/legal/offer/itm/offer_itm.pdf"", ""name"": ""Оферта""}]}",combined_complete,6,2025-08-27 13:26:30
"Многослойная система утепления из пенополистирола LOBATHERM Р с декоративно-защитной штукатуркой, основание-полнотелый кирпич М300, отделка-базовый слой KAS, грунтовка QG, декоративная штукатурка KHR2",21856,https://bimlib.pro/model/sistema-lobatherm-r-km300-kas-qg-khr20/21856/,"Версия Revit 2017. Представленное семейство моделей разработано на основании альбома технических решений quick-mix, которые могут быть скопированы и адаптированы для применения в проектах.","{""На сайте производителяhttps"": ""//www.quickmix.ru"", ""Каталогhttps"": ""//www.quickmix.ru/fileadmin/user_upload/quick-mix-ru/Service_Downloads/Detailzeichnungen/WDVS/Lobatherm_P_2013.pdf""}",{},[],"{""phone"": ""8 800 500-25-75"", ""email"": ""moscow@sievert-rus.ru""}","{""files"": [{""url"": ""https://www.quickmix.ru/fileadmin/user_upload/quick-mix-ru/Service_Downloads/Detailzeichnungen/WDVS/Lobatherm_P_2013.pdf"", ""name"": ""https://www.quickmix.ru/fileadmin/user_upload/quick-mix-ru/Service_Downloads/Detailzeichnungen/WDVS/Lobatherm_P_2013.pdf""}, {""url"": ""https://bimlib.pro/uploads/bimmodels/bimlib8d79bce4ca2e7674b85881d353b02ff7/2019-07-23_005058_v1/quick-mix_instruktsiya_po_rabote_s_modelyami.pdf"", ""name"": ""Скачать в .pdf""}, {""url"": ""https://bimlib.pro/legal/offer/itm/offer_itm.pdf"", ""name"": ""Оферта""}]}",combined_complete,4,2025-08-27 13:26:40
Ворота противопожарные подъемно-секционные ВППС-ОГНЕДЕКОР-60К с калиткой,14807,https://bimlib.pro/model/vorota-podemno-sektsionnye-vpps-ognedekor-60k/14807/,"Ворота противопожарные подъемно-секционные ВППС-ОГНЕДЕКОР-60К с высоким типом монтажа предназначены для заполнения проемов в противопожарных преградах. Ворота противопожарные устанавливаются: в противопожарных стенах и перегородках зданий и сооружений различного назначения, в том числе паркингов, складских и производственных помещений. Модель ворот параметрическая (габаритные размеры, направление открывания калитки, цвета и материалы элементов).","{""На сайте производителяhttp"": ""//www.dwrcenter.ru/"", ""Документацияhttp"": ""//dwrcenter.ru/vorota-protivopozharnyie-podyomno-sekczionnyie.html""}",{},[],"{""phone"": ""8 800 500-25-75"", ""email"": ""info@dwrcenter.ru""}","{""files"": [{""url"": ""https://bimlib.pro/uploads/bimmodels/bimlib12781bad9c433d53d6146422a21ef177/2019-03-22_095456_v1/01.03.60.00002-vorotapsvysokiytip.pdf"", ""name"": ""Скачать в .pdf""}, {""url"": ""https://bimlib.pro/legal/offer/itm/offer_itm.pdf"", ""name"": ""Оферта""}]}",combined_complete,4,2025-08-27 13:26:50
Доутепление скатных крыш изнутри,35726,https://bimlib.pro/model/douteplenie-skatnykh-krysh-iznutri/35726/,"Скатная кровля. Модель Revit содержит системное семейство категории ""Крыша"" с применением продукции ПЕНОПЛЭКС, PLASTFOIL и PLASTGUARD. Так же для загрузки доступен файл проекта ArchiCAD с данной системой и типовыми узлами. Материалы имеют физические и теплотехнические пользовательские параметры. Больше информации в разделе ""Документация к продукту"". Версия файла Autodesk Revit 2020.","{""На сайте производителяhttps"": ""//www.penoplex.ru/use/skatnaya-krovlya/"", ""Каталогhttps"": ""//www.penoplex.ru/katalog/"", ""Документацияhttps"": ""//www.penoplex.ru/partners/proektnye-resheniya.php"", ""Сертификатhttps"": ""//www.penoplex.ru/sertifikaty/""}",{},[],"{""phone"": ""8 800 500-25-75"", ""email"": ""tehotdel@penoplex.ru""}","{""files"": [{""url"": ""https://bimlib.pro/uploads/bimmodels/bimlib5d6553567f5b4e7736805c0f150f6f33/2021-11-25_170037_v1/3_ПЕНОПЛЭКС_01060400_Доутепление скатных крыш изнутри_АР_2D_PDF.pdf"", ""name"": ""Скачать в .pdf""}, {""url"": ""https://bimlib.pro/legal/offer/itm/offer_itm.pdf"", ""name"": ""Оферта""}]}",combined_complete,3,2025-08-27 13:27:05
Загружаемые семейства примыкания кровли к стенам,52041,https://bimlib.pro/model/primykaniya-krovli-k-stenam/52041/,"Файл содержит загружаемые семейства категории ""Обобщенная модель"" с применением продукции ПЕНОПЛЭКС, PLASTFOIL и PLASTGUARD.Семейства позволяют оформить в модели примыкания кровли к вентилируемому фасаду, кровли к штукатурному фасаду, к существующему зданию, кровли к стене светового фонаря. Версия файла Autodesk Revit 2020.","{""На сайте производителяhttps"": ""//www.penoplex.ru/lib/bim/"", ""Каталогhttps"": ""//www.penoplex.ru/lib/bim/"", ""Документацияhttps"": ""//www.penoplex.ru/lib/bim/"", ""Сертификатhttps"": ""//www.penoplex.ru/lib/bim/""}",{},[],"{""phone"": ""8 800 500-25-75"", ""email"": ""tehotdel@penoplex.ru""}","{""files"": [{""url"": ""https://bimlib.pro/legal/offer/itm/offer_itm.pdf"", ""name"": ""Оферта""}]}",combined_complete,6,2025-08-27 13:27:17
Загружаемые семейства примыканий кровли к трубам,52055,https://bimlib.pro/model/primykaniya-krovli-k-trubam/52055/,"Файл содержит загружаемые семейства категории ""Обобщенная модель"" с применением продукции ПЕНОПЛЭКС, PLASTFOIL и PLASTGUARD.Семейства позволяют оформить в модели примыкание кровли к трубе диаметром менее 90 мм, к трубе диаметром более 90 мм и к горячей трубе. Версия файла Autodesk Revit 2020.","{""На сайте производителяhttps"": ""//www.penoplex.ru/lib/bim/"", ""Каталогhttps"": ""//www.penoplex.ru/lib/bim/"", ""Документацияhttps"": ""//www.penoplex.ru/lib/bim/"", ""Сертификатhttps"": ""//www.penoplex.ru/lib/bim/""}",{},[],"{""phone"": ""8 800 500-25-75"", ""email"": ""tehotdel@penoplex.ru""}","{""files"": [{""url"": ""https://bimlib.pro/legal/offer/itm/offer_itm.pdf"", ""name"": ""Оферта""}]}",combined_complete,5,2025-08-27 13:27:27
Загружаемые семейства узлов примыканий кровли к воронкам,52056,https://bimlib.pro/model/uzly-primykaniya-krovli-k-voronkam/52056/,"Файл содержит загружаемые семейства категории ""Обобщенная модель"" с применением продукции ПЕНОПЛЭКС, PLASTFOIL и PLASTGUARD.Семейства позволяют оформить в модели примыкание кровли к водосточной и парапетной воронкам. Версия файла Autodesk Revit 2020.","{""На сайте производителяhttps"": ""//www.penoplex.ru/lib/bim/"", ""Каталогhttps"": ""//www.penoplex.ru/lib/bim/"", ""Документацияhttps"": ""//www.penoplex.ru/lib/bim/"", ""Сертификатhttps"": ""//www.penoplex.ru/lib/bim/""}",{},[],"{""name"": """", ""phone"": ""8 800 500-25-75"", ""email"": ""tehotdel@penoplex.ru""}","{""files"": [{""url"": ""https://bimlib.pro/legal/offer/itm/offer_itm.pdf"", ""name"": ""Оферта""}]}",combined_complete,4,2025-08-27 13:27:38
Примыкание кровли к стене светового фонаря,35753,https://bimlib.pro/model/primykanie-krovli-k-stene-svetovogo-fonarya/35753/,"Примыкание кровли к стене светового фонаря. Модель Revit содержит системное семейство категории ""Обобщенная модель"" с применением продукции ПЕНОПЛЭКС, PLASTFOIL и PLASTGUARD. Модель содержит аннотативный параметрический узел на боковых видах, видимость узла меняется параметром. Материалы имеют физические и теплотехнические пользовательские параметры. Больше информации в разделе ""Документация к продукту"". Версия файла Autodesk Revit 2020.","{""Каталогhttps"": ""//www.penoplex.ru/katalog/"", ""Документацияhttps"": ""//www.penoplex.ru/partners/proektnye-resheniya.php"", ""Сертификатhttps"": ""//www.penoplex.ru/sertifikaty/""}",{},[],"{""name"": """", ""phone"": ""8 800 500-25-75"", ""email"": ""tehotdel@penoplex.ru""}","{""files"": [{""url"": ""https://bimlib.pro/uploads/bimmodels/bimlibfe004a846b41879059638b9e5039ba4b/2021-11-29_112142_v1/113.pdf"", ""name"": ""Скачать в .pdf""}, {""url"": ""https://bimlib.pro/legal/offer/itm/offer_itm.pdf"", ""name"": ""Оферта""}]}",combined_complete,1,2025-08-27 13:27:48
Загружаемое семейство узла примыкания кровли к вентилируемому фасаду,52031,https://bimlib.pro/model/uzel-primykaniya-krovli-k-ventiliruemomu-fasadu/52031/,"Файл содержит загружаемые семейства категории ""Обобщенная модель"" с применением продукции ПЕНОПЛЭКС, PLASTFOIL и PLASTGUARD.Семейство позволяет оформить в модели узел примыкания кровли к вентилируемому фасаду. Версия файла Autodesk Revit 2020.","{""На сайте производителяhttps"": ""//www.penoplex.ru/lib/bim/"", ""Каталогhttps"": ""//www.penoplex.ru/lib/bim/"", ""Документацияhttps"": ""//www.penoplex.ru/lib/bim/"", ""Сертификатhttps"": ""//www.penoplex.ru/lib/bim/""}",{},[],"{""name"": """", ""phone"": ""8 800 500-25-75"", ""email"": ""tehotdel@penoplex.ru""}","{""files"": [{""url"": ""https://bimlib.pro/legal/offer/itm/offer_itm.pdf"", ""name"": ""Оферта""}]}",combined_complete,6,2025-08-27 13:27:59
Загружаемые семейства примыканий кровли к стойкам под оборудование,52053,https://bimlib.pro/model/primykanie-krovli-k-stoykam-pod-oborudovanie/52053/,"Файл содержит загружаемые семейства категории ""Обобщенная модель"" с применением продукции ПЕНОПЛЭКС, PLASTFOIL и PLASTGUARD.Семейства позволяют оформить в модели примыкание кровли к стойкам под оборудование и примыкание к стойкам под оборудование с доутеплением. Версия файла Autodesk Revit 2020.","{""На сайте производителяhttps"": ""//www.penoplex.ru/lib/bim/"", ""Каталогhttps"": ""//www.penoplex.ru/lib/bim/"", ""Документацияhttps"": ""//www.penoplex.ru/lib/bim/"", ""Сертификатhttps"": ""//www.penoplex.ru/lib/bim/""}",{},[],"{""phone"": ""8 800 500-25-75"", ""email"": ""tehotdel@penoplex.ru""}","{""files"": [{""url"": ""https://bimlib.pro/legal/offer/itm/offer_itm.pdf"", ""name"": ""Оферта""}]}",combined_complete,4,2025-08-27 13:28:09
Загружаемое семейство узла примыкания кровли к утепленному парапету.,52034,https://bimlib.pro/model/uzel-primykaniya-krovli-k-uteplennomu-parapetu/52034/,"Файл содержит загружаемые семейства категории ""Обобщенная модель"" с применением продукции ПЕНОПЛЭКС, PLASTFOIL и PLASTGUARD.Семейство позволяет оформить в модели узел примыкания кровли к утепленному парапету.Версия файла Autodesk Revit 2020.","{""На сайте производителяhttps"": ""//www.penoplex.ru/lib/bim/"", ""Каталогhttps"": ""//www.penoplex.ru/lib/bim/"", ""Документацияhttps"": ""//www.penoplex.ru/lib/bim/"", ""Сертификатhttps"": ""//www.penoplex.ru/lib/bim/""}",{},[],"{""phone"": ""8 800 500-25-75"", ""email"": ""tehotdel@penoplex.ru""}","{""files"": [{""url"": ""https://bimlib.pro/legal/offer/itm/offer_itm.pdf"", ""name"": ""Оферта""}]}",combined_complete,4,2025-08-27 13:28:21
Загружаемое семейство узла примыкания кровли к парапетам высотой более 600 мм,52013,https://bimlib.pro/model/uzel-primykaniya-krovli-k-parapetam-vysotoy-bolee-600-mm/52013/,"Файл содержит загружаемые семейства категории ""Обобщенная модель"" с применением продукции ПЕНОПЛЭКС, PLASTFOIL и PLASTGUARD.Семейства позволяют оформить в модели примыкание кровли к парапетам из железобетона высотой более 600 мм и примыкание кровли к парапету из трехслойнойпанели высотой более 600 мм. Версия файла Autodesk Revit 2020.","{""На сайте производителяhttps"": ""//www.penoplex.ru/lib/bim/"", ""Каталогhttps"": ""//www.penoplex.ru/lib/bim/"", ""Документацияhttps"": ""//www.penoplex.ru/lib/bim/"", ""Сертификатhttps"": ""//www.penoplex.ru/lib/bim/""}",{},[],"{""phone"": ""8 800 500-25-75"", ""email"": ""tehotdel@penoplex.ru""}","{""files"": [{""url"": ""https://bimlib.pro/legal/offer/itm/offer_itm.pdf"", ""name"": ""Оферта""}]}",combined_complete,4,2025-08-27 13:28:31
Забор сварной Теган 2.7х2.0,1619,https://bimlib.pro/model/zabor-2m/1619/,"Забор Теган высотой 2 метра, секции длиной 2,7 метра. Конструкция забора обеспечивает высокую степень безопасности охраняемого объекта.","{""Каталогhttp"": ""//tegan.ru/userfiles/images/22_3d-%D0%9B%D0%B8%D1%81%D1%821.jpg""}",{},[],"{""phone"": ""8 800 500-25-75"", ""email"": ""info@tegan.ru""}","{""files"": [{""url"": ""https://bimlib.pro/legal/offer/itm/offer_itm.pdf"", ""name"": ""Оферта""}]}",combined_complete,4,2025-08-27 13:28:41
